operation,operand1,operand2,result,timestamp
Addition,7,3,10,2026-02-25T04:36:22.037677
Addition,10,55,65,2026-02-25T04:36:35.216207
Addition,2,3,5,2026-02-25T04:36:55.381263
Addition,2,3,5,2026-02-25T04:36:56.136281
Addition,2,3,5,2026-02-25T04:54:07.534007
Addition,2,3,5,2026-02-25T04:55:49.733497
Addition,7,12,19,2026-02-25T04:56:52.876158
Addition,2,3,5,2026-02-25T05:06:45.018031
Addition,5,10,15,2026-02-25T05:07:47.214741
Addition,2,3,5,2026-02-25T05:09:46.670532
Addition,2,3,5,2026-02-25T05:14:24.279772
Addition,2,3,5,2026-02-25T05:18:56.580119
Addition,2,3,5,2026-02-25T05:19:25.560897
Addition,2,3,5,2026-02-25T05:19:26.260703
Addition,7,8,15,2026-02-25T05:35:01.290261
